project_name,display_name,recommendation
0x120cdd8e43ae1efbafdf02eda876e1952c05a52870c8d5a8f56d9ec0f79f586d,Passport XYZ | Gitcoin Passport,Application-Specific & Niche Tools
0x93decae913f62c0a86519d0b0798e4a10c46c541bfc14dcff0193d6b026e9532,LlamaPay,Application-Specific & Niche Tools
0x08df6e20a3cfabbaf8f34d4f4d048fe7da40447c24be0f3ad513db6f13c755dd,Velodrome Finance,Application-Specific & Niche Tools
0x8967594d2978692a35fea137ba640bb42f11cad907ca6b0bd01f3718fc4c7f5b,Hats Protocol,Application-Specific & Niche Tools
0xcc9301a401320c626839db9c4415f28a6e1f2fb3abdf38ada785b57409bdedb6,DexKit,Application-Specific & Niche Tools
0x0ee3defac0e2a31b995bc073ac02a2140aaf01679e141eb8d1d80409f75f90ea,Mint Club,Application-Specific & Niche Tools
0x5e6c436e48e56d6d9622ba5d0be0035c314e2b29d2afc8f5f1ee8ac75cd42532,Snapshot,Application-Specific & Niche Tools
0xaa1b878800206da24ee7297fb202ef98a6af0fb3ec298a65ba6b675cb4f4144b,Stepan's project,Application-Specific & Niche Tools
0x92f33d0611c514cafbf54780ec7925a6080a37a192683444c30116cb099d95e7,PinSave,Others
0xbcfa7063514406f498f2792ae6435bf488709709391cebfa260a552703b4a8f9,GDWeb3,Application-Specific & Niche Tools
0x09c9f27e241cc6119c080457693a8bcfea77e0f9b4d3a2fb70d70f884410d7f1,Pipegate,Application-Specific & Niche Tools
0xe9495ac0f2a00d424f4f2dca80fe34c59c78d5cbf9acad0536c4c0ede540e053,Mobile Wallet Protocol in Unity,Application-Specific & Niche Tools
0xed55afbfd8d94e1c60c9a6db38caff9ecb53543071756328d104504df644eb9e,Web3 Hackers Collective,Application-Specific & Niche Tools
0xb65d1a1f56c8bacffb8e8d7bfac237d459927bfb8924d25cc4f68c1996128abf,Usecase Generator,Application-Specific & Niche Tools
0xaa4cf223915387f8e0cd66640f86f4f770d0c1edfc4303ce1d596a735747e673,Farcaster Attestation,Application-Specific & Niche Tools
0x7539f43dc91f9c406c83a06339708e4033cdbf630916c6dfb9de2b5ef811affd,Seamless Protocol,Application-Specific & Niche Tools
0x935315db8c17993464cfb28337442ad60c6cd434305130a1d5d898e92d6d8123,Trash NFTs,Others
0x3061b642db56c507e265f03029735b0413a613bda43456a31e78128baeb18754,Aave,Application-Specific & Niche Tools
0x70624cd9a8be4ead96e5097025eb645b9848e2643e5025a4006dee2cff1a4138,WAGMI,Others
0x52b74da84ea50e0a6ddb28c1c78e0baaa284b7a95298cf23bf65dafd7b0c6d19,Skeleton ERA üíÄ,Application-Specific & Niche Tools
0xe01f00da2ba1f43dd0dd1e2b93bbfc5a84021ded7e6d414e86fa12a8d4eeb347,simple-uniswap-sdk,Application-Specific & Niche Tools
0x4cba820efd9e11754eb472ca0736756f27d0ece09adb3c9651bac5b29acc9a6d,Blockflow,Application-Specific & Niche Tools
0x0c85267cd9d7e694e385467c9984fbc787228db0cf03e57254a5116001eac4ee,Tachyon,Application-Specific & Niche Tools
0xf9ebb0464e7162627ab3de5fe03a21c879e932233e1453f2139c2126eb93f72e,Air3,Application-Specific & Niche Tools
0x2cb7fb23e5d066f65a80a09b2eab34d76bbac06de1af16c31dcf2e54119639c3,Smellcheckmate,Application-Specific & Niche Tools
0x1335476de5a24573f3fa1297827fbeb02921948d678b399c7367fb956d08a6cc,Opstack For Cats Dream ‚òëÔ∏è,Others
0x55bff36906b3e55bff995b4a7d73fd6651eeba4274ad49e269b29157bbf2fee2,8 Bit Cats‚òëÔ∏è,Others
0x85f58c1ce6ef97a8b2f4fd2b0cf4099798a598a02da7a0d2fc53ef75b5fb7fcb,discord-deepseek-r1-bot,Application-Specific & Niche Tools
0x492d0bbb85672e7e5f1d439bfd8857ac0aa59a52010143bbaab1a411bf55be0c,TurtleShell,Application-Specific & Niche Tools
0xb8cc15b51b7ae9acd5b771bb7872a9d54a9f19562e5a37df3a7d9b31044099df,Ladders.Vision,Others
0xa1f96576ad998e804140caccd478bae81b8b1059a107166df87b59fbf42c9e4a,OnChainGM,Others
0x939241afa4c4b9e1dda6b8250baa8f04fa8b0debce738cfd324c0b18f9926d25,OpenZeppelin Contracts,Core Protocol Interfaces
0xebe03c3d6d33cad60124b9b05ef6e2ff056293a1de3c5fa51dfbb90c86c14bf7,web3.py,Core Protocol Interfaces
0xa3d07f453f70d844196d89d79848aa2e70a0bd8b38bf0f493cba1547bb3bca5e,Ethers.js,Core Protocol Interfaces
0xc0615947773148cbc340b175fb9afc98dbb4e0acd31d018b1ee41a5538785abf,Wagmi: Reactive primitives for Ethereum apps,Core Protocol Interfaces
0x4dd10ba330a4a21459e2ba72f15fb5da2a63f7492e2b1567e6669c3d47fe6308,Web3j,Core Protocol Interfaces
0x6bd057da522918a4675396313ae33a2f2788a1ceeb3bd7ae228015e3eb317a7d,Viem: TypeScript Interface for Ethereum,Core Protocol Interfaces
0x9151666888d0ca532a529be98a50d2eb992988117e202163f865fa9a27eb7149,Solady,Core Protocol Interfaces
0x4a5e771af86cf1938056b43cddbf0018dca1376d578f631f7449fe10ac4958ed,Nethereum,Core Protocol Interfaces
0xb2d109759fe14e11ac5cc100ab6006321ebdd7ffdefbd2efac93a002105f8e92,Revm,Core Protocol Interfaces
0xc6052138bbdae5976fa2866f46b0537182d4126c4bb97485738d1b43f2276134,thirdweb,Core Protocol Interfaces
0xabdfa10e699db5127100da1dd2403692afe8d86e793d57780f1c7e93437a73a0,WhatsABI,Core Protocol Interfaces
0x7e917a2d0718401c9fe2a82f43ea558f5128f251b1e658c76dc7ff9a5e9fd993,PRBMath,Core Protocol Interfaces
0x79e8bf2d699790b563aa57fd34da1722bea3191ab5ff0601ba56020687702ab9,Etherspot,Core Protocol Interfaces
0x50159544ec22884b777a997a625c75bb02e55b1dc8934aad3b78678e7c11d039,üêç snekmate,Core Protocol Interfaces
0xd63cb23c26cc3bda03b1cc2971589fd26c9d22f3bbc8f1ff2bb74613e6d1c36d,Solidity Bytes Arrays Utils Library,Cryptography & Primitives
0x2866fcc8ea2ad6cc691b8367023c08ba84a34a14685b0154ba4601b7d4981069,go-ethereum-hdwallet,Infrastructure & Node Operations
0xa88844cea135382e3484e39c3172033437121b35ca0bc8b10b9b8253984876b5,Ethereum Attestation Service (EAS),Core Protocol Interfaces
0x37fe5886f4c77d5a5cb947deff90158c045a5d207572763187748ac4dd4bd9b9,ethereum-multicall,Core Protocol Interfaces
0xfc54b4a9c537be25238cba3f05100b733aeee83a3eb3fdae60d651b3b913390c,Multicaller,Core Protocol Interfaces
0x850df51e29f2846a5f085d88e6b6fc13fad51ad7161f8a825ed09d470668161a,Party.app + Party Protocol,Core Protocol Interfaces
0xa08c7ab7824d147d6cb87ffb4e86cec454a030d48b8c395bad6d64456be3d911,Aragon OSx,Core Protocol Interfaces
0x44ff313ae6fb57054de6d637adae710594180239badaf2bc51889d068f4cf02b,Modular Account,Core Protocol Interfaces
0x4e13be6b98dd868cd13e9f4101431ab03d211f429b63f078fa7da260b54d256a,Light Account,Core Protocol Interfaces
0x4c9626843c4e3f3c96d80b0ec6b1d10b7682fc9b6d67ab61ece5a87648535b1f,ethereum-bloom-filters,Cryptography & Primitives
0xe6eb4d61eff4e2dc2d8dba01ac1b84c1683bdb1e8d677a66fa44a72e3f8b1faf,Zabi,Core Protocol Interfaces
0x4ede10cd8332093fb0c1083828cc2e333d60f1551cef2d29bccb82bae1f5d7f7,Smart Account Contracts | By Candide,Core Protocol Interfaces
0xc88dff5a8bb7326e7d9103bf84e77425e202a8275abffbbbc08954c309acf511,Voltaire | Account Abstraction Bundler,Core Protocol Interfaces
0xb773733e55b7267302f2622ae410a65a89552689387d0b86bce0f0cb833119d0,Callthis,Core Protocol Interfaces
0xe40733f18903b26f7880bb2fd78c39f3992efe9f8b2e89994c2869eeb3ba4470,Chain Abstraction with 4337,Core Protocol Interfaces
0x7697147650b4b717ce5675982f2102da7c030498628fe37e3f403f875622b7f7,Gelato Relay SDK,Core Protocol Interfaces
0x28aec169f525d30fed96625a31fdd75ca906805d0ee4e7b1502945a9e1d29525,AbstractionKit | Account Abstraction Library,Core Protocol Interfaces
0x6d30328dd0e058bdd4c55c51d5f785268770040a66edbd2830902c4d87efee9c,Clear Wallet,Core Protocol Interfaces
0xc66e357ad67e63954cd1eb79da4d507d8800518f06c82e423e93e8771e7b8d13,Brahma,Core Protocol Interfaces
0xa492e54cf4d492c5f8a9c16038b4e5d47cd3bac575fbea7979f5cd1f1e575482,Gelato Automate SDK,Core Protocol Interfaces
0xaec1c406b2a124ec90aeebdde35c6c0cd9a90f0c7730b0911d2f648c8b99d062,Variance_dart,Core Protocol Interfaces
0x8bfdc42f26bf691d378d2073ae509c46b85c0eed8db8abc6987b6725dd0d056a,Superfluid,Core Protocol Interfaces
0x96c5627853d61ad931f8942bfdcc8b3f2507e830bad346b0d31b87c60637474e,All Weather Protocol,Application-Specific & Niche Tools
0x471ef1b671bc421d04640a7fe832365c1aec2d298adc81f03d69a685b7cc894c,Loop Decoder,Core Protocol Interfaces
0xfbecd6308658b3d40a5249d4b249d10537165f57ea528cc796aef5ce1eb1f0d8,executooor,Core Protocol Interfaces
0x3a942492f564e13e4a3fc11e9a8b5dcd8bf0213f9dd8571d888f32db84271c5f,evm-rpcs-list,Core Protocol Interfaces
0x62d9a8a3b602c688610abfbe3965e04ca0d19c5c506f40e79cd185cb501d2018,noble cryptography,Cryptography & Primitives
0xc377ed1b705bcc856a628f961f1e7c8ca943e6f3727b7c179c657e227e8e852c,MerkleTreeJS,Cryptography & Primitives
0x66cb156952c9cd26c329a490b1ae9a90167f3067bbea337888b5d70d374959d7,ZK Email,Cryptography & Primitives
0x48220ef1d103189cd918e9290db4c4b99b463ae2817fb5ef0cc54556a7961b6f,keccak256js,Cryptography & Primitives
0x663e4d25ca3f327365240471b4831ea3c989cb132bbf6ae8f5c1e15268591795,Blockscout open-source block explorer,Data Indexing & Analytics
0xc0ad090a80d748c19dce84d17f85d7b0016daa1c35f72ada2d92f469f8a77067,rotki,Data Indexing & Analytics
0xaed5941b7a9f20de83f5c839bda507be43cbf41777fc623abf4bf05773298826,Otterscan,Data Indexing & Analytics
0xae07bfec2c3c90937679f8c8c5c32e80407c09903aa03d1b5e5a075e67592b86,DefiLlama,Data Indexing & Analytics
0xdd81f0fbb21c949e5d67176b22a39cfdc7c774349214a450df78eb31174413db,beaconcha.in,Data Indexing & Analytics
0x351967474a454b494260a488f3ceb77d993580a4fe79fb6b6d132c70634bc516,Ponder,Data Indexing & Analytics
0x97525ec91080ddd917eaccabf9d383cf70a2f78839ab21eeabe1687e312f2132,rindexer,Data Indexing & Analytics
0x14eab8b10f729239d63df6c0cb85f666c3eb1f2dd440ebd003c1821f186a49da,Ethernal,Data Indexing & Analytics
0x1aacb85f1d87039696b876ddcae98c56d38ea9eed07b265409fdb256c8f8172a,Blockhead,Data Indexing & Analytics
0x46aff4985914b8e56b8fd62a9b8c3a03e2320315a9dfd6126e5ae272173cda87,Patterns wallet analytics & CRM,Data Indexing & Analytics
0x45a05710ec665203dc05dfb3024e42532468fa6b75e6927c2da539d7fcac4f4f,Open Labels Initiative,Data Indexing & Analytics
0xa38f3efb4fb8f6fcefb80f0262645ac05d5548cad0308ee49520c48c4e8cbd1f,growthepie ü•ßüìè Ethereum and Superchain Analytics,Data Indexing & Analytics
0x229bbc8163bdee3891cde1c18c74ab3afc72e8683692fc7f1b767570cbe7c4a7,EVM Explorer,Data Indexing & Analytics
0x2ec2ba35b39cfc086d3699918596470864e1ee1631d886215d0477f3f2e09326,Engagement.Vision,Data Indexing & Analytics
0x10e9fc6dd7d01e09bd9440d507846432333a06f779287b29199010e2f50579cd,Token Historical Balance,Data Indexing & Analytics
0xd35cc78b456bf11d4acc96d2c227b29fa4115ad9d93ae211a31974a408ed8303,Diffuse Data Feeds,Data Indexing & Analytics
0x10da43868e7439419af2859f2539ed8b355a0f330bd05a6d028ddff8fd4a03d8,dwawdadwdwawdadwdwawdadwdwawdadwdwawdadwdwawdadwdwawdadwdwawdadwdwawdadwdwawdadwdwawdadwdwawdadwdwawdadwdwawdadwdwawdadwdwawdadwdwawdadwdwawdadwdwawdadwdwawdadwdwawdadwdwawdadwdwawdadwdwawdadwdwawdadwdwawdadwdwawdadwdwawdadwdwawdadwdwawdadwdwawdadwdwawdadwdwawdadwdwawdadwdwawdadwdwawdadwdwawdadwdwawdadwdwawdadwdwawdadwdwawdadwdwawdadwdwawdadwdwawdadwdwawdadwdwawdadwdwawdadwdwawdadwdwawdadwdwawdadwdwawdadwdwawdadwdwawdadwdwawdadwdwawdadwdwawdadwdwawdadwdwawdadwdwawdadwdwawdadw,Data Indexing & Analytics
0x23de0728e6569822fc61ee61d2a79eda8b8322894a82700bff5d5c91606798d1,Blobs Guru,Data Indexing & Analytics
0x9b639cc6061e41a1d12adb39619a2fddb7005074cf965a3a6f4eabc6eea31112,Ronan Sandford,Deployment & Lifecycle Management
0x537097f27d55cb52d39b95c3ed65076349ab68aac48051d742d715456e0884d8,xdeployer,Deployment & Lifecycle Management
0x0008577196fa6ec286440b418e2f6305fc10e62ce759625d826be272ee6b45a3,CreateX,Deployment & Lifecycle Management
0x513265758a3804184b6a0771d99c1a4b04d3267bacd4b914e89ff991de229f6a,Create2Deployer,Deployment & Lifecycle Management
0xc7798704a6d730cea776c4866a9636bfa04c1201e29b6b0c99cc3603bc1bca25,Cannon,Deployment & Lifecycle Management
0x7d3f1d8e9da32b6e81e791a440b28ce9fbd79a5396acc4039d1cdc44c609c6d3,OP STACK DEPLOYER,Deployment & Lifecycle Management
0xd7a8e115b2b3772d7d5656d7798e349dcdedf2463302c78528c9e9686ab4efe3,OmniHub,Deployment & Lifecycle Management
0x5999c3a9311c71fd2e02078c406d417565a3d04efe52570ba294be75a5befac8,opup,Deployment & Lifecycle Management
0xfeafe16f8c1a25aebe754f3653340a17943a483a3e389464e44cf14613e210f0,foundry-storage-check,Deployment & Lifecycle Management
0x17fb589e599fe05e532b90c121eccc55b1249301e783dae226bad698872322da,The Ethernaut,Developer Experience Tools
0xfa7d950cfda2c634b052b6c07e75daaa95dd22ac1f220b6862cfd24221d4cabc,Solhint,Developer Experience Tools
0x819775803938d78eaa95809971ce94cae6a54b4df58505fa36153ffa1d55e12c,Vscode Solidity Extension,Developer Experience Tools
0xc6cac7cd3793888032cc8a9e5aef92550beeec2598f86f1ec6972ffd5b82a990,Prettier Solidity,Developer Experience Tools
0x852f6213011d0ad31206df4993d22721102dbe615bb93492d6e8be8d89676243,foundry-devops,Developer Experience Tools
0xc2d8139cd61ddc75689610ee0cca0fe37ba8bec3270beb6aac6eac91c6256f60,hardhat-gas-reporter,Developer Experience Tools
0x07222a857f4522026d91faec337e3cb8cf6ec5f7afb823e0742e1a6c398b81ff,Impersonator.xyz,Developer Experience Tools
0xafb4dc19ccc63057da88110df49234b311044bc73b070041bb8df03e583943ab,Abi Ninja,Developer Experience Tools
0x93c4efb5e2d7416c56ecdcd8244be8faf924194d65b514d90a7a51f6797cc012,Swiss-Knife.xyz,Developer Experience Tools
0xdd8b2e68cad9afa0701c8f27bf085302b152dbca3393083d3c664e3fc75945ab,Redprint,Developer Experience Tools
0x166e2bfeae612e99675a055e2d3e3d02e49bdab377109bc528c32b7afe6cc920,solid-grinder,Developer Experience Tools
0xbe74d6076f833da93276495074d0356db90c495d3257f8958853e75e9df8e9c8,Web3GPT,Developer Experience Tools
0x812ea3d88c189f53197820e1c648dd32c5b937467d93602a3ba5d0b764124f90,solizard,Developer Experience Tools
0x5dfcf84cc8ef7eb731a8175633c8da5cd3784fe57b05409f0df745b88443c034,Simbolik - Solidity Debugger,Developer Experience Tools
0x40483b3554ae17882db98d1cfd3aae6b10ba8250736279d184fd947931ed02c3,Superfuse,Developer Experience Tools
0x8c0365628d69981ac162a89f2b391cc4adfd224e9a424f8e985e70e2421de6d1,SuperUI - UI for Supersim,Developer Experience Tools
0x5f9f1b45eb4a49e8c2482288e02c8fc1e0e60ad3e88f0ea87bbdb4932da1054d,Diamondscaffold: Simplifying EIP-2535 Diamond Architecture Development,Developer Experience Tools
0x363b77a4022f98f4d529b8a771d22f49b1092293980aab154fff63980bd1b2bf,viem-tracer,Developer Experience Tools
0x4f8902ac6eba8e2243237247302ab778a1e1f496cf62e1696fbb8d57eff7701d,blocksmith.js,Developer Experience Tools
0x492486eda6bcb71b4891dd39a4e150db1f7ab46f64b83f2f5a02aed82497e9ed,forge-stack-tracer,Developer Experience Tools
0x7e5614eb46520c523562a641649be228012355d0264c9130b2c1d9872bf5bad5,ABIExplorer,Developer Experience Tools
0x740297a85de756f69945e2cfd9d439598cdb06a70e409e91664c701f5c0af34c,TOCD Studio,Developer Experience Tools
0xf4f7d13f2ac3c9805998d8540950883b872d7c5d7c81d6254dde8655af690b2a,evmc,Developer Experience Tools
0xa873dcdcc84e0022edd2f7d5cc8646667b87bf06609d506cd8e39dbd7412fa59,Foundry MCP Server,Developer Experience Tools
0x495b81a381005f49592ee02a7ac6861b8da69762b7164180d0a1e4570f2d83bf,DEO AI: Ethereum Developer Assistant,Developer Experience Tools
0xf46bb7a4597826d57ce9ef1579b7a11079dccfd8510770ad64b2e5a801d8ff27,ethers-multicall-provider,Developer Experience Tools
0xb024f6abfa79f7eb7af334f56015509bb70355709991d31bc689c7bea3250f7e,foundry-gas-diff,Developer Experience Tools
0x3ec2d572a608cf939eaf7886402320b3b2229610c13bdb5cb0776bd097331e5a,VSCode Solidity Inspector,Developer Experience Tools
0x5c0234455c4b86b05ed0c612ac0d7e53cd2249686305af9b2184190b781b8063,Surl,Developer Experience Tools
0x7cbd306b4b54416b83eb723a79b88d09554e245b1d7b29e7e4b7958ca1011d1f,ethdebug,Developer Experience Tools
0xfb3ac4e5f7665c6560e461c1b77ed896d355635947a6e58e217f345af8624dcd,Solidity (Wake),Developer Experience Tools
0x19f3d02eeb40ac653f56652974c8fe977871447f73f0ef1ff9ab48a48a1fe65e,ethereum-abi-types-generator,Developer Experience Tools
0x670a2982f6d7786b58a8399bcabc23246365b21e533a97945e055791fc235e64,Hardhat,Development Frameworks
0x754c37e401e2527ab24b9d7ca3e042bfcbfebeef54a533f8833d46242d2c3017,Remix Project,Development Frameworks
0x154a42e5ca88d7c2732fda74d6eb611057fc88dbe6f0ff3aae7b89c2cd1666ab,üèóÔ∏è  Scaffold-ETH 2,Development Frameworks
0xa0b16714baef75d97ec07fd48eaf42e79df92fe2a3c2d725d2388ede587ea54c,Ape Framework,Development Frameworks
0x9d93ec97ef2d3bd4c2b8d95abac9ce0cf43e4f3eb1f05709f8282da8200e69ee,Frames.js,Development Frameworks
0x4e175118c15129e6cc791203de92b23f11fef35ba4bc3fd18390f163e692c97d,EvmTools,Development Frameworks
0xcd032b75396f45f1ef82c8a38142352afa6071fbcd840480408e10e2aab9006d,miniapp starters,Development Frameworks
0x38c38455bb0fd71d2929fcf799279569ab5f5c5d3e1f92f8642ce87aa25accdf,Decent.xyz,Development Frameworks
0x66cce776ce6eaa99192120fc25b91ecc7b98e03210a08f0d3bfda82f542d3e1a,OP ENS Gateway by Opti.Domains,Development Frameworks
0x6a13d3e82b5a090fca8ff9ee8ce2637cef515fc24f51760f76f36030b76e0a55,Wild Water Bottle Cap Token,Others
0x0cc5d7a8088f227787992130b3cffe143db1c904af1ac27324f84e762b84f35c,Solarity,Development Frameworks
0x7f330267969cf845a983a9d4e7b7dbcca5c700a5191269af377836d109e0bb69,IPFS,Infrastructure & Node Operations
0xc71faa1bcb4ceb785816c3f22823377e9e5e7c48649badd9f0a0ce491f20d4b3,go-libp2p,Infrastructure & Node Operations
0xdf1bb03d08808e2d789f5eac8462bdc560f1bb5b0877f0cf8c66ab53a0bc2f5c,Rust Libp2p,Infrastructure & Node Operations
0x5a7e7c7acb21521e99021d746740b368801cbfe531301e50bdbaafdc24a0aac5,js-libp2p,Infrastructure & Node Operations
0xf839a585342327848d4541a6fcc315404e879537a60a1370f2cd45a94283a1ba,Dappnode,Infrastructure & Node Operations
0x5cfdb8c453a7eede1946071e9d7417d01cc2116f57563b87dc0094a6bdb9a081,Py-libp2p: Enabling Scalable P2P for OP Stack & Filecoin Builders,Infrastructure & Node Operations
0x09b95c7697625da4915338750c5f78446817a3634cb38bc9155e26bbbc0c87f1,Maintaining simple-optimism-node,Infrastructure & Node Operations
0xc0809225b6287417d08ec0fde8d632ecc935296e61e239e7e44559c7dd7f2495,Crawling the Ethereum P2P network with Nebula,Infrastructure & Node Operations
0x2247247c751707d897f5c0eab670426d9c1c26d84e96ac226004afbf0080cba4,Rundler,Infrastructure & Node Operations
0x77a0eb2debb3ddd73bb629ae482d24771ef1b59029d28a04e13570c9e9644c44,Stereum L2 Optimism Integration,Infrastructure & Node Operations
0x7504e494cb8d227193182e083128912173c14eaeecec9b90fa453de28377b269,Hermes - a GossipSub listener and tracer for libp2p-based networks.,Infrastructure & Node Operations
0x81af86360a8e964cc907a5689a62e94231c7e42e05f49c0586716975d72e2e2e,Upnode Deploy,Infrastructure & Node Operations
0xd4ed99cc6aaf73ca63b32f7a03b5427ac1d2955bf9efc31eb14f5773016988d0,AWS KMS and YubiHSM signer for OP Stack,Infrastructure & Node Operations
0x26a8d2bf9f36f9632cc4ae2157270087f3c0a0425f4f0847095451a7532293a3,Samba,Infrastructure & Node Operations
0x517eaa9c56951de89261f2d7830ea49aae92f2a903104a17d9c5c2edd4959806,LI.FI,Interoperability & Cross-chain
0x62e37e96aa6e1cbfb6bd24b97c4b8f1e12cc3fe35d5388d2f041c42a12b40745,Stargate Finance,Interoperability & Cross-chain
0xf24315614063278ba3543e1717791132a9afa79b0e65baa01a85bcccbdfa215f,deBridge,Interoperability & Cross-chain
0xf2a60464d2a56fb47d2f8c13001edea71eda11ffd8fffec5f559495c6a5878d4,Unruggable,Interoperability & Cross-chain
0xd9d413772483111ca8ecfe5054737c6c80a65f03c0d289c632b05e3ec21d5680,Opstack Kit,Interoperability & Cross-chain
0x6f550434232889366a40b5a6046615cdd444528db6fbe1f8186411f2f6ed676e,Charged Particles - Web3 Packs,Interoperability & Cross-chain
0x991062ec81edb818a542e45d7c142cc62bc06e68b582273bd2ae1b037c2d6791,Titan Layer,Interoperability & Cross-chain
0xcc8d03e014e121d10602eeff729b755d5dc6a317df0d6302c8a9d3b5424aaba8,Solidity,Language & Compilation Tools
0x9ca1f7b0e0d10d3bd2619e51a54f2e4175e029c87a2944cf1ebc89164ba77ea0,Vyper,Language & Compilation Tools
0x541b7b08401d799b87f583c102a6c94cee7105f1b29dc630de5edbbd966d7c13,Fe Language,Language & Compilation Tools
0x2a04bac7482169a929fd70444bbfac10654d0588e022db7527566dbfc307d2e9,Solc-select,Language & Compilation Tools
0x202a80f0f57630d04a26464d6492b3399059ca1187943032c37652eb2468a76f,Titanoboa,Language & Compilation Tools
0xab6214e09c6adc3022147ba7fffe1924f9bad3ecbe69e410f428808e91fd6f06,Zink Language,Language & Compilation Tools
0xcbfdcf8f724d73504d1518d5ecd7d7256b12d37e68cd84569b383bfb6e2eeea4,Dmail Network,Others
0x72d363f14ae85f47acfe748fb0a2bed73195582bb9863de18901f5dfe309b8f7,Solodit,Others
0x90bbb485004d99e20be133d2c26abc1f63a2c1ec8107358e87853b001bfb6597,Updraft,Others
0x1a26744683129e6e36c790c4d9ed2aba3fa08b02a1a127c5805241b9a442de3a,Dspyt,Others
0xa903038c6a307743fdca92164f38d5c392996c2417d66d5bf33012850d0585bf,JiffyScan,Data Indexing & Analytics
0xec7002ee89bf249ae4fca1ebe718a66dea7247e33cfc9319f979a3f9fb324b24,Explorer,Others
0xf00e745fe6d96359adc3dc45d6d811bf1140549ad830d927cda5ca0b694a3063,EIP.Tools,Others
0x2df0b4b72977134030cd30fadc6ec5239f9f107205c0638e29c15a02ca7c87d5,Newsletter,Others
0xa38c8f4ffa48fe01222fe1b5f2bc6c95e204a4f243d67bd0c9f92887d905d3d8,Academy,Others
0x63f8e1e35986862f0bb24a619b72d12459497d2b6b94d93a9f2c232d376c54dc,RainbowKit Theme Generator,Others
0x808b31862cec6dccf3894bb0e76ce4ca298e4c2820e2ccbf4816da740463b220,Fractal Visions,Others
0x8f7edabd00cd8a9bc0065eec465bd3d97ebe3f4632c8d3d52b336a9bc1d8fb3a,SuperSwap,Others
0x96a03f09bd8f6b4e82de71cb60626c5572e4a00d70f59dccaf512297f6deb93e,Jobs,Others
0x4d71401a0dbd9b3dd890fbc70baaf872d16db80af149e20f7ef1805fc94f6df6,Router Protocol,Others
0x51504348243d8e8fa59cf2ba983d9255373e5eb23fe22a0d18c0d36028561ace,Test Project,Others
0x2d38180d3da676251f337260f2a48fe03015629fce52943282f4d99ef8edba12,Test 2,Others
0xded45f5b4e2be2487ef301591cf49859e95ed6d2b33743a0c0b5e15c25e17694,UTP Java Library,Others
0x60565a1ff56360c729ec5e33b27040acd6d495e35e328fec7ec5a493b9c533e2,New Project,Others
0x6ee546715053790bda72f913925b782461830ccdcc14ad12a2f288641510f448,Dragons On Op Stack üî¥,Others
0x1480383a90f1ab95cfedee6ea130dca700e5236eceb7dcf3f08a0e96b43c90aa,MonstersOnBase,Others
0x2cf7c4cc06b7da1ea7c7c647f9a532cef3d75cc4df6a69a3a9204d4b4f99df9d,Save/nx,Others
0x18539618cdbab1c37092e7e0bd8e03c7c4037a55b8a356215bc15c8d6a8c68dd,Purrmissionless Proofs,Others
0x46d784ec075b98efe6a23e515cad06f1b7081f082cb0c7502c68a7a76c38c9e2,"DistriButler: Multi Token Sender for Optimism, Base & Arbitrum",Others
0x1c25ae2899ab6edb1e55c8cda5b736bb861a31da22bb9aa538f3868807eb1c73,Bonadocs,Others
0x7a4bb37bc7997b8e9b34775164682ff1f441b716cd235f2e7cdce76677b66007,zkCodex,Others
0xf173b116c6383d6d7557d633de525a4535543265d800af3d8b15bc224dbab982,FrameMaker,Others
0xcb0434aaf86a5dca68f96edefc22bf04a16bbfaa48b0a4a40c844f1afb8d7b1e,BASE BTC EARTH üåç,Others
0x11a2255f272c84328438f5081139455d8fd2a302fd35f0f08acdff1f1c0d84e6,Node Guardians,Others
0xe20f59eb1c8f9cb72e07b8d0f067bac997614fd6db06d8c031c5c9235f760dcc,L2Pass,Others
0xdc3dce33fd5fb50cf932586d4257456ddf5040ba0955d97641646504c73dbd13,Slither,Testing & Verification Tools
0x2ccf4b9bd6ed894c10befd9fe00c467c4bfd84ff057ee956ab708259cfa845a9,CodeTracer,Testing & Verification Tools
0x2bb095e1f297c71da8bd4ee15097abad3b99e299fe14cd6aa704df3f36d0ae22,solidity-coverage,Testing & Verification Tools
0x51cda5996ef1a2ccd8fcf4ee5792337695599454c83eb1218c3ad4388dcb5bf5,Sourcify,Testing & Verification Tools
0xbb067b01988521110c91737f058e7301f608be231d850a72af1516bd034d161c,Synpress,Testing & Verification Tools
0xa7d78d566bfa319479ec048c94c3d8c1f4d628a9344ba157fc4974dbf472dc3e,Aderyn,Testing & Verification Tools
0x740bebbc731ec56dcc17c7d429656220a73960022c3809edf324bd8120285722,bulloak,Testing & Verification Tools
0xb9996d35862a7c60282da2adf3447f043580f586fcb702ff6869896d15ef6344,Medusa,Testing & Verification Tools
0xa790f0641e8d72abc88efd13ca215e2dc7e736a4a59ca5a9e0020af29d6297f2,Crytic-Properties,Testing & Verification Tools
0x2c97e213fef2bd3f30a71edf6ed48232640368d0083dc0a134a1b59391639bde,hevm,Testing & Verification Tools
0x2704cd27b8c60b098d4fe8c5c0fbae2f8f5fe9067c687c501a4c6dc6e9887876,Act,Testing & Verification Tools
0x8589657542ff4b7c5071dfdeff18a041642a72344ede9acea701e9b39fb46fee,Chimera,Testing & Verification Tools
0x67f6d1feb3b5e99caf0f2e7e4677494c57449de3980079589156e105df485488,Moccasin,Testing & Verification Tools
0x7348ae42266ff626319e8ea5398343b847603b3cc7101b03d8e4fb2b75ea8db3,Kontrol - formal verification tool based on Foundry and KEVM,Testing & Verification Tools
0xbaccff0188ef78c1bab0c9798b0faceee552de1dee4f763d1801a9c1d5e3bca5,Verifereum,Testing & Verification Tools