project_id,project_name,display_name,fork_count,star_count,num_packages_in_deps_dev
RKXiQ+QWuPsIuoADOdKR8u5M0aV1ybzkcgt8oT70hcw=,0xae07bfec2c3c90937679f8c8c5c32e80407c09903aa03d1b5e5a075e67592b86,DefiLlama,2257,331,0
qG8wMwZc0z2iMNGmqEbE0yJCaHgGkvQgKL7w5NNjr2E=,0x939241afa4c4b9e1dda6b8250baa8f04fa8b0debce738cfd324c0b18f9926d25,OpenZeppelin Contracts,1260,3606,48
D/EXUXnX8dbOCU6qXNGAgNxhLOdodwJNNjMPeLUHSu4=,0xcc8d03e014e121d10602eeff729b755d5dc6a317df0d6302c8a9d3b5424aaba8,Solidity,1089,3546,15
kIyB4KSX790MWeIzhuzNRuURff8uRN3K7uEmYc+PuqA=,0x154a42e5ca88d7c2732fda74d6eb611057fc88dbe6f0ff3aae7b89c2cd1666ab,üèóÔ∏è  Scaffold-ETH 2,856,1176,2
6bUEGWtffrx4mCWJv1FdyFtqQDedZHE9cZ3NmrfOmq4=,0x663e4d25ca3f327365240471b4831ea3c989cb132bbf6ae8f5c1e15268591795,Blockscout open-source block explorer,835,1099,0
SYTvL1tiICyIVzhoaKP5OYM4G0dA9Np7t00qjDR6GkE=,0x6bd057da522918a4675396313ae33a2f2788a1ceeb3bd7ae228015e3eb317a7d,Viem: TypeScript Interface for Ethereum,790,1166,12
0iGupg8Tl/ZbEszVryfNppJEWx9S1fHu8Yi9t9NLnCM=,0xc0615947773148cbc340b175fb9afc98dbb4e0acd31d018b1ee41a5538785abf,Wagmi: Reactive primitives for Ethereum apps ,562,1623,37
v9q8POh6Q9wmSNGAUbW3XjqApK9TOvyiFsvfmOpaEec=,0xebe03c3d6d33cad60124b9b05ef6e2ff056293a1de3c5fa51dfbb90c86c14bf7,web3.py,542,1148,18
GIw4cdpV5Nt23oJZBcYq68JV5NTEbXHcX+yWnW62Z8o=,0xc6052138bbdae5976fa2866f46b0537182d4126c4bb97485738d1b43f2276134,thirdweb,507,475,39
OhSYsbVtaKOxdKm1wJ5WpNfFwiQtMhvVqx11g04Dj6s=,0xa3d07f453f70d844196d89d79848aa2e70a0bd8b38bf0f493cba1547bb3bca5e,Ethers.js,398,1243,2218
H2p6ZEPnv576Z8J4kfoovzAtg0SAMqG/HzQDAoZkJOA=,0xb2d109759fe14e11ac5cc100ab6006321ebdd7ffdefbd2efac93a002105f8e92,Revm,381,682,19
cMvqc/MCp82+XAAIkdS+Ee7CD3MkLQwgO5QBbblIO5g=,0x7f330267969cf845a983a9d4e7b7dbcca5c700a5191269af377836d109e0bb69,IPFS,374,1776,153
DfSkG9e/kLoY4f6vGN2ENGR29QVNtpye7gux017Wg5U=,0x754c37e401e2527ab24b9d7ca3e042bfcbfebeef54a533f8833d46242d2c3017,Remix Project,371,552,12
PyhUZNx6BtNb32p2YMEx2h6WrGOesDqk/rV1nuWAE3I=,0x670a2982f6d7786b58a8399bcabc23246365b21e533a97945e055791fc235e64,Hardhat,369,1461,68
uqohyEHaJE/DosOj9+gh3jGny1Nes5mzs2fqeCoIjFw=,0x5e6c436e48e56d6d9622ba5d0be0035c314e2b29d2afc8f5f1ee8ac75cd42532,Snapshot,295,3911,0
DcuCQqzp4PkExNi9HdL/D3xoGk+8Egelwnj2kL+Fw7c=,0xdf1bb03d08808e2d789f5eac8462bdc560f1bb5b0877f0cf8c66ab53a0bc2f5c,Rust Libp2p,267,1034,107
Fl3O8Ez0wQeEb5Hy/pug5OM0n+d4al5scUTbVdr5r4s=,0xdc3dce33fd5fb50cf932586d4257456ddf5040ba0955d97641646504c73dbd13,Slither,190,956,1
VX361jrBrvz2/vC9Ms9xPzOAkPO5CJLOs4FSPmjKFHs=,0xc71faa1bcb4ceb785816c3f22823377e9e5e7c48649badd9f0a0ce491f20d4b3,go-libp2p,190,827,5
1MvSmaSGrb163SWKc3GOGOVPaulh39cM9SVPdACdDr4=,0x17fb589e599fe05e532b90c121eccc55b1249301e783dae226bad698872322da,The Ethernaut,180,405,0
jYjf3SP3IiJ9lfEBt7gj8Me79zJFbihTR+zuHZXuQPA=,0x9151666888d0ca532a529be98a50d2eb992988117e202163f865fa9a27eb7149,Solady,174,1092,1
Ckisx4Wdj90qxb5+C5EoZhjiNPZKOQ/zjfj6Qx666gU=,0xc0ad090a80d748c19dce84d17f85d7b0016daa1c35f72ada2d92f469f8a77067,rotki,155,697,0
jsNOONeRmUXt8ZCZmegwrlYTilEGRf5gu9b+7E2gNHE=,0x51cda5996ef1a2ccd8fcf4ee5792337695599454c83eb1218c3ad4388dcb5bf5,Sourcify,149,172,10
rnCU69afAeJVsln1gXM1Pt6cMqD09FFS5C8Q38NWifM=,0x120cdd8e43ae1efbafdf02eda876e1952c05a52870c8d5a8f56d9ec0f79f586d,Passport XYZ | Gitcoin Passport,133,365,0
sw8ehEEk8y0FK2GSDVnFLz7M9erX6RSQdSAgGDmiwEs=,0x517eaa9c56951de89261f2d7830ea49aae92f2a903104a17d9c5c2edd4959806,LI.FI,121,234,15
TbN34ObgR9NMlnD59Do7k4jhs4yKMWPTYYyWXkfut9A=,0x351967474a454b494260a488f3ceb77d993580a4fe79fb6b6d132c70634bc516,Ponder,113,457,13
J8oQzHF/fe+xFyOab7RW2WJKkmhybbpdGAJWp8zBqjc=,0x9d93ec97ef2d3bd4c2b8d95abac9ce0cf43e4f3eb1f05709f8282da8200e69ee,Frames.js,110,350,5
+ss9G+TaR12Qyecrc+rlT6f/fnE0jMwk5WNdtsvXn7o=,0xdd81f0fbb21c949e5d67176b22a39cfdc7c774349214a450df78eb31174413db,beaconcha.in,108,177,1
wZrWrLFXX5iFOMmy/iwbo5/zjo/o68H6jud5u9sxawM=,0x9ca1f7b0e0d10d3bd2619e51a54f2e4175e029c87a2944cf1ebc89164ba77ea0,Vyper,107,375,1
Ze2CblnBaz2Apm6a00KjwAZ7N4K5yxDUpXlK+mDkwJw=,0xa88844cea135382e3484e39c3172033437121b35ca0bc8b10b9b8253984876b5,Ethereum Attestation Service (EAS),88,161,6
M4zu02WbVY+1AcNtrRRzxU+clAoOn8qRDaFvAgY5Ljk=,0x4a5e771af86cf1938056b43cddbf0018dca1376d578f631f7449fe10ac4958ed,Nethereum,88,168,134
jVWJQz4HfEygXcD32rZL/keI+MFY6gEO6kKkhes0OIY=,0xa7d78d566bfa319479ec048c94c3d8c1f4d628a9344ba157fc4974dbf472dc3e,Aderyn,77,401,1
JEGKohqd4SMdF2XsPQx53SuYckF5GP2RrdX9vLzovBk=,0x9b639cc6061e41a1d12adb39619a2fddb7005074cf965a3a6f4eabc6eea31112,Ronan Sandford,77,258,23
5/9fRbVoDF7pHwBdiMbNUbKhidEt/12Ojt9f8cWoZnQ=,0x08df6e20a3cfabbaf8f34d4f4d048fe7da40447c24be0f3ad513db6f13c755dd,Velodrome Finance,74,117,0
JiJ2H5QvNLbljLo2b/7BotyQNHj8MycH7W5ZnixYtwE=,0x5a7e7c7acb21521e99021d746740b368801cbfe531301e50bdbaafdc24a0aac5,js-libp2p,70,295,367
J4Ws0law1PGPMKF6QjQrLAwaWHAOL6D2hzbV55UrPJs=,0x44ff313ae6fb57054de6d637adae710594180239badaf2bc51889d068f4cf02b,Modular Account,67,137,0
hjV6HsTEOKJ88nJuwSqzjdEsO16HeGuCD33EmN3xV/M=,0xa0b16714baef75d97ec07fd48eaf42e79df92fe2a3c2d725d2388ede587ea54c,Ape Framework,67,284,4
fFZ4/okuS+whKFMNfZiydVjZdIbOulD8cc5DbiChoZY=,0x5cfdb8c453a7eede1946071e9d7417d01cc2116f57563b87dc0094a6bdb9a081,Py-libp2p: Enabling Scalable P2P for OP Stack & Filecoin Builders,62,127,1
hQT0o0eGDigVq+MHI5d5zZYxoRHoJJaiUFMvSq/mdhk=,0x90bbb485004d99e20be133d2c26abc1f63a2c1ec8107358e87853b001bfb6597,Updraft,62,81,0
lgnblaeDVZ6FzQs9TDTWrP1THAtg8/8hNmwD5NU1I74=,0x46aff4985914b8e56b8fd62a9b8c3a03e2320315a9dfd6126e5ae272173cda87,Patterns wallet analytics & CRM,61,86,0
pr9u5w1LqcK44g1o2RcI9ztDGB8nZTkJYMOq7e8pvac=,0x62d9a8a3b602c688610abfbe3965e04ca0d19c5c506f40e79cd185cb501d2018,noble cryptography,60,662,189
b9Ln/oJ391BCdgtl8bjkvvb4QhQZF6nfJbjQDYZP00Q=,0x09b95c7697625da4915338750c5f78446817a3634cb38bc9155e26bbbc0c87f1,Maintaining simple-optimism-node,57,135,0
y3itseBuMJDgwYLvaJJhtGl46Ap95C8IwrPHNNIX3O0=,0xafb4dc19ccc63057da88110df49234b311044bc73b070041bb8df03e583943ab,Abi Ninja,56,94,0
yWT3frjYCLs+Bd7M9LDe9JW6vXFoAAhgmZBK3hKC87Y=,0x541b7b08401d799b87f583c102a6c94cee7105f1b29dc630de5edbbd966d7c13,Fe Language,54,158,0
uGbSlae4LNwwsCMEQRkgXeWpslj9Fb2t2pHzS6aj82A=,0xbb067b01988521110c91737f058e7301f608be231d850a72af1516bd034d161c,Synpress,53,162,16
kGqT6jpsjzIUAt0enkz3GQmbOu37rELMoRCzu/Lg0I0=,0x2247247c751707d897f5c0eab670426d9c1c26d84e96ac226004afbf0080cba4,Rundler,52,153,0
lPKNiWNGVkLboNzlBuxDaIPC3vL6M9R1PvggJCauTi0=,0x97525ec91080ddd917eaccabf9d383cf70a2f78839ab21eeabe1687e312f2132,rindexer,49,383,1
vN8m6FeWoAE7kgaqLbCsctIher0E1VKE4ZGyGKlHmzI=,0x852f6213011d0ad31206df4993d22721102dbe615bb93492d6e8be8d89676243,foundry-devops,47,296,0
cgPK0M6LzR2cu6RZvz9f60fBsxjCV+ekE7jnvRRtEu4=,0x2866fcc8ea2ad6cc691b8367023c08ba84a34a14685b0154ba4601b7d4981069,go-ethereum-hdwallet,46,79,1
PEUfmLE6ZxoyY4FGC9j0lK91ggLO4oJmrNLeIDw5uL8=,0x4dd10ba330a4a21459e2ba72f15fb5da2a63f7492e2b1567e6669c3d47fe6308,Web3j,44,140,1
AEhFE0/kNz2nuuHL9eIeHD599eOV0zEw/xd/Pajloas=,0xb9996d35862a7c60282da2adf3447f043580f586fcb702ff6869896d15ef6344,Medusa,43,169,1
T06WDky5wuHt7zjSM3rZWAKPFqsoL7iUmXJFuWupcPc=,0xaed5941b7a9f20de83f5c839bda507be43cbf41777fc623abf4bf05773298826,Otterscan,43,228,0
Iz1PaREiXObxPIwbCs72rVgsi/WdlKg4KYrmOfbRs2s=,0x79e8bf2d699790b563aa57fd34da1722bea3191ab5ff0601ba56020687702ab9,Etherspot,42,138,2
35ZzBNWt/ueafBC7PqicOEqDTuuNWr0TTafOTMa1J60=,0x14eab8b10f729239d63df6c0cb85f666c3eb1f2dd440ebd003c1821f186a49da,Ethernal,38,67,2
qBJQhIKmX/GnRUHuwjNAT83Xzhiy5b+63+O1m3tUHmE=,0x1e7a1f9763d25b6844567a7133b1005ef6ed785642a75229acf1b9b25202a5f3,eRPC,38,426,7
7rwdFTFib9+grFKppnjKORPAWVgxJtx50HjnF+7/4Rk=,0x66cb156952c9cd26c329a490b1ae9a90167f3067bbea337888b5d70d374959d7,ZK Email,37,165,0
8mPN8mgfsI80y4lQoU7pnF3hgesjTI4NuHtgqQ5snG0=,0xec7002ee89bf249ae4fca1ebe718a66dea7247e33cfc9319f979a3f9fb324b24,Explorer,37,17,0
FT3wZj26UAebMH4ywu7oQvrie1GQSmu9aogl40bsCWQ=,0x0008577196fa6ec286440b418e2f6305fc10e62ce759625d826be272ee6b45a3,CreateX,36,267,0
NGbZU3ScsbMUnmgUnRJvqBXFPRljZDbDYozQSJw1Vh0=,0xfa7d950cfda2c634b052b6c07e75daaa95dd22ac1f220b6862cfd24221d4cabc,Solhint,36,118,4
D/phNjIkMkuESYi0XbICo299wHOagQbo2WSAyODxDp0=,0x62e37e96aa6e1cbfb6bd24b97c4b8f1e12cc3fe35d5388d2f041c42a12b40745,Stargate Finance,35,55,0
If0GvZIFNaGViWXU52YRIKXd2jDvwKJCJzlQtoXEhM0=,0x85af258d3fae6bbd2e14ffa8f5b73b64e34b7f8efe685c40134c3f54774e8d6c,Skandha ERC-4337 Bundler,33,98,1
4aRENZ83XIsUO4+5379tnygPUm8Z+dpDte2ZMIi1F/4=,0x93c4efb5e2d7416c56ecdcd8244be8faf924194d65b514d90a7a51f6797cc012,Swiss-Knife.xyz,33,128,0
RLahGJUg+4OwcVOavgV/Kf1Sa82z1LIi85pQBmOdLHE=,0x72d363f14ae85f47acfe748fb0a2bed73195582bb9863de18901f5dfe309b8f7,Solodit,32,60,0
rgW9XUaoeC3X2rOz6QwddbUq6mZva0eXEFISFkuO+nA=,0xa08c7ab7824d147d6cb87ffb4e86cec454a030d48b8c395bad6d64456be3d911,Aragon OSx,32,33,14
XnDkeCj+BIXcgu136Pn/CS8anzzJmjwM5NKjSNwugl0=,0xabdfa10e699db5127100da1dd2403692afe8d86e793d57780f1c7e93437a73a0,WhatsABI,30,213,3
1zxp1YeWLiiPAWMUZMEkaQWCqtPNsPEF8TKEssAW96M=,0x202a80f0f57630d04a26464d6492b3399059ca1187943032c37652eb2468a76f,Titanoboa,28,74,1
TzX0BMlslDkdd45L1PJQePW0M+Tc0kQ0SqLdKkBGIwo=,0x2c97e213fef2bd3f30a71edf6ed48232640368d0083dc0a134a1b59391639bde,hevm,28,94,0
Gs3aazAbSMODmvjViBNNN3SIoyQtGQL9p1kipzQDPvg=,0x8589657542ff4b7c5071dfdeff18a041642a72344ede9acea701e9b39fb46fee,Chimera,28,145,0
MpfwinLjX6GV+Uf+/sZKstNTWHEFLHhqb8NyNEAPF7g=,0xc0809225b6287417d08ec0fde8d632ecc935296e61e239e7e44559c7dd7f2495,Crawling the Ethereum P2P network with Nebula,27,155,0
CO4y3z3N8dYNgMFAplseDCMMZ2OVKhfJ6Ibj4FkCfpI=,0x50159544ec22884b777a997a625c75bb02e55b1dc8934aad3b78678e7c11d039,üêç snekmate,27,113,1
YCGhoogUycGZ4sjXnFmIKfA90TlSuhQ6Qdq2zl8vtLk=,0x0cc5d7a8088f227787992130b3cffe143db1c904af1ac27324f84e762b84f35c,Solarity,27,191,2
UZSaL/0UXqdDxpqfSpbeIu3OmDIpdUn8wjgU+TWzKbw=,0xf839a585342327848d4541a6fcc315404e879537a60a1370f2cd45a94283a1ba,Dappnode,27,79,3
T5JyiUTt5UnCt95/6Xyjn04da6UU9epzDAizTapPUUU=,0x07222a857f4522026d91faec337e3cb8cf6ec5f7afb823e0742e1a6c398b81ff,Impersonator.xyz,27,84,0
l6kVcu/tuzgNkXvebL+V0q7p22mPQk/KwrQs5ikWyoE=,0xc377ed1b705bcc856a628f961f1e7c8ca943e6f3727b7c179c657e227e8e852c,MerkleTreeJS,25,135,5
kMKVfhDqK7tGn11JkiOR4JoEvPhuu3h3tWJeU7zzHfg=,0x7e917a2d0718401c9fe2a82f43ea558f5128f251b1e658c76dc7ff9a5e9fd993,PRBMath,24,199,1
vCa+wBp0799NJ8j9L6UgKxKmqiLT95Zk/aQX/hXty7c=,0x0ee3defac0e2a31b995bc073ac02a2140aaf01679e141eb8d1d80409f75f90ea,Mint Club,24,76,0
wuxAw2hKpE9CfgLz3KD8SjZltjPhta2uVKB6UdleGho=,0x67f6d1feb3b5e99caf0f2e7e4677494c57449de3980079589156e105df485488,Moccasin,24,100,1
sq8gENmCu+D6rPwI78+jG29f2a19GLOq+rHlXOL3oyQ=,0x819775803938d78eaa95809971ce94cae6a54b4df58505fa36153ffa1d55e12c,Vscode Solidity Extension,24,96,3
aAchjwkoUEQQyZsGvrYCDiDuAqFxemzS61Mqtb4pcLA=,0xbe74d6076f833da93276495074d0356db90c495d3257f8958853e75e9df8e9c8,Web3GPT,22,35,0
IqEX7DRaYV0Pl6ewCpPUvpvle/3Y3joI8ezX2StZb+8=,0x4e13be6b98dd868cd13e9f4101431ab03d211f429b63f078fa7da260b54d256a,Light Account,22,76,0
PphtFL9u1RMOQKJy0T154cHCXdKs2Ht3LxVZUoVHKx4=,0x77a0eb2debb3ddd73bb629ae482d24771ef1b59029d28a04e13570c9e9644c44,Stereum L2 Optimism Integration,22,56,0
L5qwcfkNQpDuieBxknsUgsdqMg2MBBIQUHvacifzapo=,0xa790f0641e8d72abc88efd13ca215e2dc7e736a4a59ca5a9e0020af29d6297f2,Crytic-Properties,22,138,0
y7poby3XN/G2jUZCQF/NyXvyI/WbhpxmkmO+53p3FtA=,0x2a04bac7482169a929fd70444bbfac10654d0588e022db7527566dbfc307d2e9,Solc-select,21,86,1
+PfbGQq2fXc65J+R0ni5deEPvSbqCGwIUSGfsnt3swM=,0x2bb095e1f297c71da8bd4ee15097abad3b99e299fe14cd6aa704df3f36d0ae22,solidity-coverage,21,73,12
KllBFOMJ9ASpCaQIN/D+I9LNDrMZTbEq9CKLA1VTbFo=,0x8967594d2978692a35fea137ba640bb42f11cad907ca6b0bd01f3718fc4c7f5b,Hats Protocol,21,72,2
rrPYFAev9Bf/usv3MFfmNWtrEbfN66lmhxrqSBD6eJc=,0xcc9301a401320c626839db9c4415f28a6e1f2fb3abdf38ada785b57409bdedb6,DexKit,20,24,0
1qHxV/lCiMRcqQSplNxBO28gExEmQ4Rky19slLkFTbk=,0x37fe5886f4c77d5a5cb947deff90158c045a5d207572763187748ac4dd4bd9b9,ethereum-multicall,20,66,26
NTbiwULtHzjj7Tn+vUs7rXkDdyrSbqHsoJ2Cxe71zp4=,0x2ccf4b9bd6ed894c10befd9fe00c467c4bfd84ff057ee956ab708259cfa845a9,CodeTracer,19,1020,0
8Cgztczct8fnsJW6D2OQcFRY6nClKNyOC7Le0soED94=,0xaa1b878800206da24ee7297fb202ef98a6af0fb3ec298a65ba6b675cb4f4144b,Stepan's project,18,36,0
tEUQBjhYBdWaLRVt375K9avn6ysFWbvqZz85jmaPR2w=,0xf24315614063278ba3543e1717791132a9afa79b0e65baa01a85bcccbdfa215f,deBridge,18,47,2
5AamWhqmMtR5oDQp4/5JFyOWySBwFLfsOGMBxdCD37s=,0xa873dcdcc84e0022edd2f7d5cc8646667b87bf06609d506cd8e39dbd7412fa59,Foundry MCP Server,18,107,0
Js09gjzwO4g6aeV2Fb+ZNlHypJc4DlUozk3enNLotIc=,0xcbfdcf8f724d73504d1518d5ecd7d7256b12d37e68cd84569b383bfb6e2eeea4,Dmail Network,17,34,0
WtN9XI9Kg+Iiz3IcUCQYqqYdRLfiPssnfGoKxob6o3I=,0xab6214e09c6adc3022147ba7fffe1924f9bad3ecbe69e410f428808e91fd6f06,Zink Language,17,65,0
wifrhzp9qrZ4/fFQy5yR6JzSqQQf6svCTadItAZaAsw=,0xa903038c6a307743fdca92164f38d5c392996c2417d66d5bf33012850d0585bf,JiffyScan,16,12,0
DRlRg7E3PMnS28ZcGS/ymLCgrnVrLYPprOlUDFHmTAA=,0x7348ae42266ff626319e8ea5398343b847603b3cc7101b03d8e4fb2b75ea8db3,Kontrol - formal verification tool based on Foundry and KEVM,16,69,0
vkAGsIYeAqlNsG1s6KG5Yp7APsJBiMNYe6kFImJjwXE=,0xe40733f18903b26f7880bb2fd78c39f3992efe9f8b2e89994c2869eeb3ba4470,Chain Abstraction with 4337,15,32,1
hZzfke/NjszziMEDX794UiUnSUmhtA67arwyY7kV9GY=,0x2704cd27b8c60b098d4fe8c5c0fbae2f8f5fe9067c687c501a4c6dc6e9887876,Act,14,34,0
jD1XHm/vOqe4VURVumfnsrgIOnwlL4eTm/2Lox+UqCI=,0xd63cb23c26cc3bda03b1cc2971589fd26c9d22f3bbc8f1ff2bb74613e6d1c36d,Solidity Bytes Arrays Utils Library,14,83,2
g/21ekEEllLNr5JyYQRcPl9TMgdIHm0KV/zZfX9TN6g=,0xa38f3efb4fb8f6fcefb80f0262645ac05d5548cad0308ee49520c48c4e8cbd1f,growthepie ü•ßüìè Ethereum and Superchain Analytics,14,27,0
h3jEJdRcVAt02ak01S/7Bm7/lbtICszT1cgKKJziCro=,0xfbecd6308658b3d40a5249d4b249d10537165f57ea528cc796aef5ce1eb1f0d8,executooor,13,66,3
enkdgs2+Pq0SIhMnmn6Oe14mBalALDczALJpqB59xLo=,0x45a05710ec665203dc05dfb3024e42532468fa6b75e6927c2da539d7fcac4f4f,Open Labels Initiative,12,66,0
KNZ4LTEwrgkp78tYIsmrPBXcF56OYLYSAGJnpA7V1AI=,0xe6eb4d61eff4e2dc2d8dba01ac1b84c1683bdb1e8d677a66fa44a72e3f8b1faf,Zabi,12,80,0
WCwKOQkL47c1qQ2wVcJ1IcpLMGIXmFHflr4UVQsagVM=,0x513265758a3804184b6a0771d99c1a4b04d3267bacd4b914e89ff991de229f6a,Create2Deployer,12,60,0
pWQwBG0vClrKeqsZeS+ZWTMXQ09dabDhwwff85NZMTo=,0x740bebbc731ec56dcc17c7d429656220a73960022c3809edf324bd8120285722,bulloak,12,144,3
o1y6ChRZ6JOEwoiUsf/noqLXSmBlc1X9v+fNY7lA2Ns=,0xc7798704a6d730cea776c4866a9636bfa04c1201e29b6b0c99cc3603bc1bca25,Cannon,12,38,3
g1pi0NuLcPtSAjpxGRMTIM2ZRs5y6h3IpcW0PRKvSQo=,0xfc54b4a9c537be25238cba3f05100b733aeee83a3eb3fdae60d651b3b913390c,Multicaller,11,71,1
hWrcDUpWFQybynVtGEZXP8NRQAbakPCaa8xJCQG+XhM=,0x1aacb85f1d87039696b876ddcae98c56d38ea9eed07b265409fdb256c8f8172a,Blockhead,11,41,0
wpZkDSZkSrAf85BQoNpzQpmnDcWdnN/5GFtHUPsa0aM=,0xc2d8139cd61ddc75689610ee0cca0fe37ba8bec3270beb6aac6eac91c6256f60,hardhat-gas-reporter,10,52,5
9O4W5ETurOKiF0RvQJCaUtpXg7LWSAitGExf0ReNE0g=,0x6d30328dd0e058bdd4c55c51d5f785268770040a66edbd2830902c4d87efee9c,Clear Wallet,10,15,0
/k/aTpjwBcMKEYX6yOt7DnRp5lT1VKPTRe5SSqpWhV8=,0x537097f27d55cb52d39b95c3ed65076349ab68aac48051d742d715456e0884d8,xdeployer,10,73,1
L9VSOaOT9yJCY7BJc+BptpjSTF66LYeNOemyJ6tuQLs=,0xe01f00da2ba1f43dd0dd1e2b93bbfc5a84021ded7e6d414e86fa12a8d4eeb347,simple-uniswap-sdk,9,21,0
C0pKjv5EgYil0/lR6YJc3EBIlbKXKvSsmGQpbEKlma0=,0xcd032b75396f45f1ef82c8a38142352afa6071fbcd840480408e10e2aab9006d,miniapp starters,9,24,0
B7Gzx+ZyWdQ5tfzIxWc6A9uWVJ0ZPNOb0YnbtcjXS0w=,0xbaccff0188ef78c1bab0c9798b0faceee552de1dee4f763d1801a9c1d5e3bca5,Verifereum,8,18,0
7tDBbSo+gDf0dB8U5Ks/FwS7Y2oZM+mNs3LsnX6Mlc0=,0x229bbc8163bdee3891cde1c18c74ab3afc72e8683692fc7f1b767570cbe7c4a7,EVM Explorer,8,28,3
R04wCZhk2yd96qDs1j6TL2jMhi5toVCbetozykh0ojA=,0xc6cac7cd3793888032cc8a9e5aef92550beeec2598f86f1ec6972ffd5b82a990,Prettier Solidity,8,56,4
aACSS9iyRvZbEQP67MW1qVYf+mIYh8e1L1PZ8+ct9MM=,0x2df0b4b72977134030cd30fadc6ec5239f9f107205c0638e29c15a02ca7c87d5,Newsletter,7,8,0
vta4u6W38N8RHqJkdq2crSlH5LEV6sVLc3njqXa7ABA=,0x7697147650b4b717ce5675982f2102da7c030498628fe37e3f403f875622b7f7,Gelato Relay SDK,7,4,0
ZYiGfGhLr1kdrN5ykW1QF/4yUjZPQM/71bkaYtunHEc=,0xf2a60464d2a56fb47d2f8c13001edea71eda11ffd8fffec5f559495c6a5878d4,Unruggable ,6,74,0
pL1yy/uAyJPtrYMiNphJ4uONuZT05AElSZO5NSDLgpE=,0xc88dff5a8bb7326e7d9103bf84e77425e202a8275abffbbbc08954c309acf511,Voltaire | Account Abstraction Bundler,6,20,1
uP0QHz7DXCN6rd4W6pC3Jp0ftkea+iT/OTf+rcwR4Is=,0xdd8b2e68cad9afa0701c8f27bf085302b152dbca3393083d3c664e3fc75945ab,Redprint,6,101,2
SUaETe9RSmxA6e5SBseHYYZJylEoxPRSMrdjhHoh55I=,0x92f33d0611c514cafbf54780ec7925a6080a37a192683444c30116cb099d95e7,PinSave,6,21,1
ClHPTIUeK29bIkCt2TqTLvXTnW47Gk1YJdflVn9PJW4=,0xf46bb7a4597826d57ce9ef1579b7a11079dccfd8510770ad64b2e5a801d8ff27,ethers-multicall-provider,6,26,3
rmmXWna3PUDJezEboQEundP90XlJdYNPkUel94fbAFw=,0x19f3d02eeb40ac653f56652974c8fe977871447f73f0ef1ff9ab48a48a1fe65e,ethereum-abi-types-generator,6,9,6
XbRj/1I9gRExomQ5ClJhhNT42+/C/4NFTIukle+d1G4=,0xb65d1a1f56c8bacffb8e8d7bfac237d459927bfb8924d25cc4f68c1996128abf,Usecase Generator,6,7,0
IE6vY4600I0xdmwOkf+7hz5LzlT8GE8DoX1Gkgjh51c=,0x81af86360a8e964cc907a5689a62e94231c7e42e05f49c0586716975d72e2e2e,Upnode Deploy,6,17,1
3dlgjDAADCc9F7hy3fvjnzqyyVLYSuOy8RiCrwiMazk=,0x7504e494cb8d227193182e083128912173c14eaeecec9b90fa453de28377b269,Hermes - a GossipSub listener and tracer for libp2p-based networks.,6,35,1
gUFAlmQjlPwJ47EfIYcW8OScZ5iHFZBD/TE4Mhx9WQc=,0x850df51e29f2846a5f085d88e6b6fc13fad51ad7161f8a825ed09d470668161a,Party.app + Party Protocol,5,31,0
tgU0+wTZ4csrmBtv0Rx1Due7nJkZRor0QMe/KmJ8zg4=,0x812ea3d88c189f53197820e1c648dd32c5b937467d93602a3ba5d0b764124f90,solizard,5,52,1
Ydz+vNscrYyTylhsKma5zg59zYukuX2i9HyvQMiuGWI=,0xb024f6abfa79f7eb7af334f56015509bb70355709991d31bc689c7bea3250f7e,foundry-gas-diff,5,17,0
jY1iwJg8u+jdEDT9J5XzhpkJXJdx3cN5EPWDU+pg6Pc=,0xa492e54cf4d492c5f8a9c16038b4e5d47cd3bac575fbea7979f5cd1f1e575482,Gelato Automate SDK,5,2,0
vvd53Q/49SJ6mNQXcn67dlUHSbExIKjGDsZbloH8R6g=,0x5f9f1b45eb4a49e8c2482288e02c8fc1e0e60ad3e88f0ea87bbdb4932da1054d,Diamondscaffold: Simplifying EIP-2535 Diamond Architecture Development,5,30,1
kqcvkz/6LV6093wXMLjZAW7fKmU5r1bKNAehKDgja34=,0x5dfcf84cc8ef7eb731a8175633c8da5cd3784fe57b05409f0df745b88443c034,Simbolik - Solidity Debugger,5,43,0
j5WOiieuifGu5aqVNxwahWleSq38LxA9SB3hMq2ZWU4=,0x8c0365628d69981ac162a89f2b391cc4adfd224e9a424f8e985e70e2421de6d1,SuperUI - UI for Supersim,5,33,0
dHG9BVIVFXaWxD8I7WDLSz0K+GMdyGt/a1eJ3IQ+lYw=,0xbcfa7063514406f498f2792ae6435bf488709709391cebfa260a552703b4a8f9,GDWeb3,4,25,0
ppjLmnjCHPUltAD4BYhNcADdnkWWXx1Ive+VoqqD+5g=,0x28aec169f525d30fed96625a31fdd75ca906805d0ee4e7b1502945a9e1d29525,AbstractionKit | Account Abstraction Library,4,21,1
mEvrDRjUXToNsXd9iYHuzB+iQr1YbbvKBy2OBObD31E=,0xc66e357ad67e63954cd1eb79da4d507d8800518f06c82e423e93e8771e7b8d13,Brahma,4,20,1
g7Mm9ljqYwbSxWgNeCIVPfpNCiIBakHIjU4brUguhLw=,0x7cbd306b4b54416b83eb723a79b88d09554e245b1d7b29e7e4b7958ca1011d1f,ethdebug,4,31,1
5/EgayLC1x+0UULfn63oD0ktlbEmOeggpYM26FExBSQ=,0x4ede10cd8332093fb0c1083828cc2e333d60f1551cef2d29bccb82bae1f5d7f7,Smart Account Contracts | By Candide ,4,7,0
I9s4JF4Xq4hWZ9kKevsPsUMtTVgWDJN1qVme/V1Ooe0=,0x93decae913f62c0a86519d0b0798e4a10c46c541bfc14dcff0193d6b026e9532,LlamaPay,4,8,0
dZgrplo0v7S5xvmz64ktUM2PyaKac6jxcoMGZB9TXc4=,0x5c0234455c4b86b05ed0c612ac0d7e53cd2249686305af9b2184190b781b8063,Surl,4,24,0
bSHT80evcfdvkZeSYLuX4A+aj85jjpcIGN+Q/3ReRZo=,0x166e2bfeae612e99675a055e2d3e3d02e49bdab377109bc528c32b7afe6cc920,solid-grinder,4,24,1
dTDuc2KqAMAKJIIKRog0pm3S6bZvKbYTHutR1IuvZXA=,0x471ef1b671bc421d04640a7fe832365c1aec2d298adc81f03d69a685b7cc894c,Loop Decoder,4,57,0
wpBF/kfL6NPevDlEHoK25InqGnRCeXqe0vGSLs61t9Y=,0xaec1c406b2a124ec90aeebdde35c6c0cd9a90f0c7730b0911d2f648c8b99d062,Variance_dart,3,4,0
x9MZObEzydNAk1HPdRO8azvLIkNL0gAIgOIvKthPIbs=,0x808b31862cec6dccf3894bb0e76ce4ca298e4c2820e2ccbf4816da740463b220,Fractal Visions,3,3,0
oHjF8SsuGDWxTvoPCPaIvBwN3PWiaZiNtVt0ZorFYto=,0x85f58c1ce6ef97a8b2f4fd2b0cf4099798a598a02da7a0d2fc53ef75b5fb7fcb,discord-deepseek-r1-bot,3,26,0
4t3CyBp0VQB7NDpZslCAl68AHcCuQkw3QZ79zYNyV78=,0x96a03f09bd8f6b4e82de71cb60626c5572e4a00d70f59dccaf512297f6deb93e,Jobs,3,2,0
ISJwb3A6NNTyxbFJnVHANLlnawWh8kDARUXf4HZTd3s=,0x4c9626843c4e3f3c96d80b0ec6b1d10b7682fc9b6d67ab61ece5a87648535b1f,ethereum-bloom-filters,3,10,2
+ONsq1Xbp0mkKt4F9sl9X1hS/AaxD9MwE3tVjxMwZ9M=,0xf4f7d13f2ac3c9805998d8540950883b872d7c5d7c81d6254dde8655af690b2a,evmc,3,4,1
NxxzqQgvJFc1MnttV7BGBoIkzajSPtSFAddPoymqwHc=,0x1a26744683129e6e36c790c4d9ed2aba3fa08b02a1a127c5805241b9a442de3a,Dspyt,3,30,0
MHzjJesGHgBVF37HKix7hMTuf38gj0w0isjLcVhG5yw=,0x1e2cc195ce13784ef1e382bbd542a6b25d982b83377a8e8ac2ca593d6c310adc,Privacy Builder Pack,3,0,0
bZxCg+xwmOE0DGN2PUpSqA2ng072SyKx0wzlGSti5Qk=,0xaa4cf223915387f8e0cd66640f86f4f770d0c1edfc4303ce1d596a735747e673,Farcaster Attestation,2,6,0
56n+XloAlZFMcSjdGgfGz9dI29yeI5KG7xEkrPaROJw=,0xe9495ac0f2a00d424f4f2dca80fe34c59c78d5cbf9acad0536c4c0ede540e053,Mobile Wallet Protocol in Unity,2,2,0
HjQOBpXNmQ+YHuVW4sV0c6a0Ld5cPv31h4rPjvVE5Ok=,0xa38c8f4ffa48fe01222fe1b5f2bc6c95e204a4f243d67bd0c9f92887d905d3d8,Academy,2,5,0
n5hQyb62Lf2utHO/Dx2b+NPsV7xxwFHBlgDgjI/hKxA=,0x7d3f1d8e9da32b6e81e791a440b28ce9fbd79a5396acc4039d1cdc44c609c6d3,OP STACK DEPLOYER,2,12,0
wNQvyx94jQ9dTrP4/4Y3k1LJIzWdvLgKGpxVi/ckSfk=,0xfeafe16f8c1a25aebe754f3653340a17943a483a3e389464e44cf14613e210f0,foundry-storage-check,2,12,0
YMhICPfTJIL3NuTWP+/uQgruO2wLN8vr01MjKrr5dso=,0x1c25ae2899ab6edb1e55c8cda5b736bb861a31da22bb9aa538f3868807eb1c73,Bonadocs ,2,0,2
kwrezKXFN4ol/q/oGtsm+uceEWZhj5jZXWJePfWS/xM=,0xfb3ac4e5f7665c6560e461c1b77ed896d355635947a6e58e217f345af8624dcd,Solidity (Wake),2,14,0
1e2ixyRhrJp6tDJqAjEgTR+J4KR1XZqqv+99jOtl7+E=,0x4e175118c15129e6cc791203de92b23f11fef35ba4bc3fd18390f163e692c97d,EvmTools,2,11,0
yHC4i4mkg5sXaXOF4Mih0UyHDYVS7+0+9zuqnDFvClY=,0x8f7edabd00cd8a9bc0065eec465bd3d97ebe3f4632c8d3d52b336a9bc1d8fb3a,SuperSwap,2,2,0
1trB/l9QKhGRlHWNxeKxae3DYXIRAKtuzUHXcvpnpN8=,0x8bfdc42f26bf691d378d2073ae509c46b85c0eed8db8abc6987b6725dd0d056a,Superfluid ,2,5,1
m3O5xBXiEbaMu2XmINfk6Gdkt0AA80DLfzkdMRzp37U=,0xf00e745fe6d96359adc3dc45d6d811bf1140549ad830d927cda5ca0b694a3063,EIP.Tools,2,5,0
h65vxKjl6PwevpMqqNFeGV+hpXNUb9twVVo0+GusGro=,0xed55afbfd8d94e1c60c9a6db38caff9ecb53543071756328d104504df644eb9e,Web3 Hackers Collective,2,6,0
tvWtJUdWqCwSjrU6iZTliqRdM4HoXw3I5gHzcUXm3f8=,0x66cce776ce6eaa99192120fc25b91ecc7b98e03210a08f0d3bfda82f542d3e1a,OP ENS Gateway by Opti.Domains,1,2,0
P5dBjWYIStsZisA5P7Zji5mkfI5IoO+JCXRYywxFLVY=,0x4cba820efd9e11754eb472ca0736756f27d0ece09adb3c9651bac5b29acc9a6d,Blockflow,1,0,0
+K3OrDKvASiVPDw6YwbzwsamF6URxSYCSlUun/KdTDU=,0x363b77a4022f98f4d529b8a771d22f49b1092293980aab154fff63980bd1b2bf,viem-tracer,1,18,1
1umB0u6OkfQvegnnx2lkwvEISHWAtG3PmHCVXVHone8=,0x48220ef1d103189cd918e9290db4c4b99b463ae2817fb5ef0cc54556a7961b6f,keccak256js,1,2,1
AWt4h9zeTVKtlCCptcCdxAqt1P8tHvgZLjpDLlttfmc=,0x740297a85de756f69945e2cfd9d439598cdb06a70e409e91664c701f5c0af34c,TOCD Studio,1,1,0
L6B16S3rzyLs1mNMTAy9zAwDIt9b3Z9tCUc3i2bENmw=,0xb773733e55b7267302f2622ae410a65a89552689387d0b86bce0f0cb833119d0,Callthis,1,8,0
V0e8/oGPvS9UMonGvUVt4EWiNZcsBBPgEZniIWUhXss=,0x10e9fc6dd7d01e09bd9440d507846432333a06f779287b29199010e2f50579cd,Token Historical Balance,1,2,0
57FvWwsyNX2cCoYXRlrD084qD9kG/nh1tYNWPswNSs0=,0x4d71401a0dbd9b3dd890fbc70baaf872d16db80af149e20f7ef1805fc94f6df6,Router Protocol,1,0,0
5pKMLWfNkmCqGNkDWMXHeyYR+9Uc3EOVJRd+EG+ULsc=,0x38c38455bb0fd71d2929fcf799279569ab5f5c5d3e1f92f8642ce87aa25accdf,Decent.xyz,1,3,0
3H+RA47sc24SWgLZqJKZJ3eTrO18bk1gJrB7tcAKRGw=,0x2ec2ba35b39cfc086d3699918596470864e1ee1631d886215d0477f3f2e09326,Engagement.Vision,1,4,0
kk3IEFYvO5Cr5t+Sd1k84whQZAgddeXihNudlYZwRb4=,0x4f8902ac6eba8e2243237247302ab778a1e1f496cf62e1696fbb8d57eff7701d,blocksmith.js,1,10,1
xq7+mszk8eyCmmne3tQc2zJFX1mHCmsy2j7vavZVkzg=,0x26a8d2bf9f36f9632cc4ae2157270087f3c0a0425f4f0847095451a7532293a3,Samba,1,9,0
iXR35Xnzm4ioS5d0Eka/UAnUN9CHj4iasG/B8CgiWP8=,0x7539f43dc91f9c406c83a06339708e4033cdbf630916c6dfb9de2b5ef811affd,Seamless Protocol,1,4,0
/2hjsm9xH1NvgIs/dHx5VOVM4ml/C6hfQu97wBgdpfo=,0xd35cc78b456bf11d4acc96d2c227b29fa4115ad9d93ae211a31974a408ed8303,Diffuse Data Feeds,0,1,0
iDSZ8iz4xInsAO3aYqBnYUez/tK6LiZdejrZtWxvJSg=,0x40483b3554ae17882db98d1cfd3aae6b10ba8250736279d184fd947931ed02c3,Superfuse,0,39,2
5DRU+kSqJj07dgVZUng7jkEn6Pqn3SZm2yQWrZEAS8M=,0x51504348243d8e8fa59cf2ba983d9255373e5eb23fe22a0d18c0d36028561ace,Test Project,0,0,0
Ys/qp4leIj7KBlj6jDH5/A6kKAP5fna8gSFRrWdXyVU=,0x3ec2d572a608cf939eaf7886402320b3b2229610c13bdb5cb0776bd097331e5a,VSCode Solidity Inspector ,0,16,0
d6Us8Nyctz7rF5nxnucystePRDAQgQKjs01pyA1u+wo=,0xf173b116c6383d6d7557d633de525a4535543265d800af3d8b15bc224dbab982,FrameMaker,0,0,0
xyqCuzyp2siN+L8QgwpvSjTruF2y+tvB++HwqdWDFXY=,0xa1f96576ad998e804140caccd478bae81b8b1059a107166df87b59fbf42c9e4a,OnChainGM,0,3,0
TKabb9V96NYlby3PBEyEnJjayZ88FtEg3Bf9OPMiq7w=,0x0c85267cd9d7e694e385467c9984fbc787228db0cf03e57254a5116001eac4ee,Tachyon,0,1,0
lGoc+rdKwNdooopWynCp0XdR8HNqPVawSR00mYSfv9g=,0x55bff36906b3e55bff995b4a7d73fd6651eeba4274ad49e269b29157bbf2fee2,8 Bit Cats‚òëÔ∏è,0,0,0
o6breg8faNvvKQn7n+MVsLpnPjfrMzmIHkhW2KeHtus=,0x10da43868e7439419af2859f2539ed8b355a0f330bd05a6d028ddff8fd4a03d8,dwawdadwdwawdadwdwawdadwdwawdadwdwawdadwdwawdadwdwawdadwdwawdadwdwawdadwdwawdadwdwawdadwdwawdadwdwawdadwdwawdadwdwawdadwdwawdadwdwawdadwdwawdadwdwawdadwdwawdadwdwawdadwdwawdadwdwawdadwdwawdadwdwawdadwdwawdadwdwawdadwdwawdadwdwawdadwdwawdadwdwawdadwdwawdadwdwawdadwdwawdadwdwawdadwdwawdadwdwawdadwdwawdadwdwawdadwdwawdadwdwawdadwdwawdadwdwawdadwdwawdadwdwawdadwdwawdadwdwawdadwdwawdadwdwawdadwdwawdadwdwawdadwdwawdadwdwawdadwdwawdadwdwawdadwdwawdadwdwawdadwdwawdadwdwawdadwdwawdadw,0,0,0
KhgJMDdCk38bxrajjp9pJrxfmR+6DpKm3q4KnIprGwY=,0xd4ed99cc6aaf73ca63b32f7a03b5427ac1d2955bf9efc31eb14f5773016988d0,AWS KMS and YubiHSM signer for OP Stack,0,8,0
RFzv+HYMe8O4KTTeMyfR8Xb/ZlwQ4JlPZNqTemBJjyo=,0x2cf7c4cc06b7da1ea7c7c647f9a532cef3d75cc4df6a69a3a9204d4b4f99df9d,Save/nx,0,0,0
OOoIwlWuTZ1pqa/3OE841bg9Az3xav6nWw7806ng9iQ=,0x1480383a90f1ab95cfedee6ea130dca700e5236eceb7dcf3f08a0e96b43c90aa,MonstersOnBase,0,0,0
APxN0aDM3FTM/WDaBH2zFhzV721O0Y2IHkIRm5Xy0Lg=,0x495b81a381005f49592ee02a7ac6861b8da69762b7164180d0a1e4570f2d83bf,DEO AI: Ethereum Developer Assistant,0,2,0
t/dgn11ZvHldfKXg2+6wFS7LkRL93an78Mi3B3eZnLw=,0x3a942492f564e13e4a3fc11e9a8b5dcd8bf0213f9dd8571d888f32db84271c5f,evm-rpcs-list,0,5,1
fUkDvtE6aGHLHs9dfhp8rzhhzh7uintrSaO61/OVooU=,0x2cb7fb23e5d066f65a80a09b2eab34d76bbac06de1af16c31dcf2e54119639c3,Smellcheckmate,0,1,0
dSexksuFbpb8T3C4yr7N2nGH2LM9kwx5kFCQMA7w3Dc=,0x7e5614eb46520c523562a641649be228012355d0264c9130b2c1d9872bf5bad5,ABIExplorer,0,2,0
NVaHlLLvCB4MDnHhpo8SshekHbelFyEatVRt5K7cxvM=,0xd9d413772483111ca8ecfe5054737c6c80a65f03c0d289c632b05e3ec21d5680,Opstack Kit,0,16,2
DERMlsmnAEKOvTAxNC97PgHRrprkpDAiD/ipMGVgy6E=,0xded45f5b4e2be2487ef301591cf49859e95ed6d2b33743a0c0b5e15c25e17694,UTP Java Library,0,0,0
XLoqByB4S+esO4fmmeEQSAoPyvWrnxh1Iq8fXOZePuo=,0x46d784ec075b98efe6a23e515cad06f1b7081f082cb0c7502c68a7a76c38c9e2,"DistriButler: Multi Token Sender for Optimism, Base & Arbitrum",0,0,0
K1gYejJCg8UEic8jwRhE9HIlB5IHUv5Wy89uB08VrFQ=,0x52b74da84ea50e0a6ddb28c1c78e0baaa284b7a95298cf23bf65dafd7b0c6d19,Skeleton ERA üíÄ,0,0,0
YkMQQUKtbXB1JgNgNqSbUVBTsK70wrO3UA/Llyhi9fE=,0x96c5627853d61ad931f8942bfdcc8b3f2507e830bad346b0d31b87c60637474e,All Weather Protocol,0,0,0
ydTSZESziPA9s1Clx8TXPO3QS1jhjfzJf+MdBj4X/2k=,0x11a2255f272c84328438f5081139455d8fd2a302fd35f0f08acdff1f1c0d84e6,Node Guardians,0,0,0
dk1gwy0G/dP9SOcyolL+bfgPQJ0ngqXF6ro9qyQdGwo=,0xf9ebb0464e7162627ab3de5fe03a21c879e932233e1453f2139c2126eb93f72e,Air3,0,2,0
91qfxPoeZBT6hPZrVLYcaDcgwMNG5MDH77cGiTtBxyQ=,0x70624cd9a8be4ead96e5097025eb645b9848e2643e5025a4006dee2cff1a4138,WAGMI,0,0,0
6zjHDw5YGpxbiWEmNUu52nXwPL816I80hVVI4kmTwnI=,0x2d38180d3da676251f337260f2a48fe03015629fce52943282f4d99ef8edba12,Test 2,0,0,0
Do7XmLDYP7t4xDWAldvqGF8KevofT/SUPeKGpg089ag=,0x60565a1ff56360c729ec5e33b27040acd6d495e35e328fec7ec5a493b9c533e2,New Project,0,0,0
VvNggDaql/smdOS/0t1CinLgcYy7jwICjC1P5gu8zI4=,0x18539618cdbab1c37092e7e0bd8e03c7c4037a55b8a356215bc15c8d6a8c68dd,Purrmissionless Proofs,0,0,0
xymwIrptgpoB/UjKsGUaaGm3uY34Wa61iKxnM9CXz5o=,0x63f8e1e35986862f0bb24a619b72d12459497d2b6b94d93a9f2c232d376c54dc,RainbowKit Theme Generator,0,5,0
rOygm3l4aj16QhC3PON0GlZokjUdhQIH+7nYCZlAKNI=,0x492d0bbb85672e7e5f1d439bfd8857ac0aa59a52010143bbaab1a411bf55be0c,TurtleShell,0,0,0
tda0A2fopcG55G9UY6IVaCuc0PGi16ukxdjBI6W9rR0=,0x09c9f27e241cc6119c080457693a8bcfea77e0f9b4d3a2fb70d70f884410d7f1,Pipegate,0,14,2
FfXoEN2YNayzuwjlJN2xtQWdP5War/J/3WLgkc8sX6s=,0xd7a8e115b2b3772d7d5656d7798e349dcdedf2463302c78528c9e9686ab4efe3,OmniHub,0,0,0
VsbnIqH0Z8ErW7VixsMTGcLVf45E645bcxAVcD/KZT0=,0x3061b642db56c507e265f03029735b0413a613bda43456a31e78128baeb18754,Aave,0,0,0
tNqq5J6FEjTlKKM9jd/JCwvk/g4pTiC8v7Xit1kNS4o=,0x23de0728e6569822fc61ee61d2a79eda8b8322894a82700bff5d5c91606798d1,Blobs Guru,0,0,0
zpXh+xI4A77C9Y/ortXA0jU/33Zj+QztUOpW3hJ+w8A=,0xe20f59eb1c8f9cb72e07b8d0f067bac997614fd6db06d8c031c5c9235f760dcc,L2Pass,0,0,0
zCbuxTOy64SbO/+l0E7LtLS2VMhiw+1o0eedXw2s/ao=,0x991062ec81edb818a542e45d7c142cc62bc06e68b582273bd2ae1b037c2d6791,Titan Layer,0,0,0
M8tDjaH5PrOfLIhPjNXOkNi/ve0MTTJ7tSDM1zMdiaI=,0x6a13d3e82b5a090fca8ff9ee8ce2637cef515fc24f51760f76f36030b76e0a55,Wild Water Bottle Cap Token,0,0,0
NgoVNxiNTOzlsAv1ChtyIaJk2GnReYxexUZDOQJq4aU=,0x935315db8c17993464cfb28337442ad60c6cd434305130a1d5d898e92d6d8123,Trash NFTs,0,3,0
a0PyEDtZEEjxDRe7zWNpHP+358umEogD6bQI1XfI2eY=,0x7a4bb37bc7997b8e9b34775164682ff1f441b716cd235f2e7cdce76677b66007,zkCodex,0,0,0
hxU1nnOFEhGsrGFfD7pziC+gqLyN61d5U1voAgtc0Lg=,0x1335476de5a24573f3fa1297827fbeb02921948d678b399c7367fb956d08a6cc,Opstack For Cats Dream ‚òëÔ∏è,0,0,0
iRL7HC30DiL3CfAxmFhFI1d6/zzZ7U7C0m6jScMGKuY=,0xcb0434aaf86a5dca68f96edefc22bf04a16bbfaa48b0a4a40c844f1afb8d7b1e,BASE BTC EARTH üåç,0,0,0
h5xu6Hbm8HnEDF0JwocW5gh0pAt2OKRS0yK8HCkBjsY=,0x6f550434232889366a40b5a6046615cdd444528db6fbe1f8186411f2f6ed676e,Charged Particles - Web3 Packs,0,0,0
GmgRBIRVtbJJmDZE+yzHPe6q8DnwLrpj5YSHMMNn3jM=,0x492486eda6bcb71b4891dd39a4e150db1f7ab46f64b83f2f5a02aed82497e9ed,forge-stack-tracer,0,2,0
JOtf+FCKCryprFTsLQvRbQ2Bg9fsaxZe/Jl7KsKtOAc=,0x5999c3a9311c71fd2e02078c406d417565a3d04efe52570ba294be75a5befac8,opup,0,0,0
EuhDcgpnkg14DgTCLAjODgWZQQEjR1En9nIllh/131U=,0x6ee546715053790bda72f913925b782461830ccdcc14ad12a2f288641510f448,Dragons On Op Stack üî¥,0,0,0
vWtJQQ+tIY8584QcGvrVIguEyY/XUO/yk7lnhOyL8WA=,0xb8cc15b51b7ae9acd5b771bb7872a9d54a9f19562e5a37df3a7d9b31044099df,Ladders.Vision,0,0,0
